index,phase,x00,x01,x02,x03,x04,x05,x06,x07,x08,x09,x10,x11,x12,x13,x14,x15,x16,x17,x18,x19,x20,keff,keff_std,ppf,score
0,LHS,0.7285012208734455,0.8489200433402208,0.7817056133357949,0.17507311030390657,0.2751617403364542,0.8617882680100901,0.728857230500268,0.5892759915200846,0.5242190657590126,0.26526705728067873,0.7119222771046505,0.029812083643094393,0.8154481911088705,0.5049232885202547,0.15434960558812968,0.771465591061534,0.8734837559162268,0.33156063177488404,0.22701024522242827,0.03800932224660931,0.1178308961087396,1.270230018415547,0.002005792411210208,1.1038180425815587,-86.0230018415547
1,LHS,0.9623742786630591,0.08414727710014157,0.28074663551882784,0.8117115695257289,0.18903781367077868,0.5425910832298046,0.4987832287281326,0.051269736331457004,0.6754708624099318,0.4237566067803384,0.028680285210160836,0.7131715178294958,0.01748723038792031,0.542512338575672,0.30029246224765876,0.19083551374068133,0.9312304187159461,0.160363629193031,0.4813940557032636,0.09896800225354636,0.53242560566506,1.267929599068333,0.002071284495201927,1.1053293698050022,-79.7929599068333
2,LHS,0.4527704138332709,0.2968787044060544,0.4213261166279111,0.31097876784731104,0.9059033783602728,0.6031019971130488,0.0921529026673618,0.5794513198997414,0.6055581054868026,0.5275732702846943,0.783696545069385,0.2870874762057769,0.23041207281593515,0.33942419358272313,0.34836345067949054,0.9842016334457528,0.3850056389408984,0.8857074979573341,0.8980999177280425,0.7091362164960241,0.8731878859310781,1.274074457764232,0.0018061245963418378,1.1025436928012782,-74.4074457764232
3,LHS,0.5620833650717771,0.3434800466666503,0.206845016648389,0.7900220233126274,0.13044583060937187,0.7491439490397794,0.1823134058546566,0.4384837590883464,0.04420753767431566,0.5318499146314398,0.8823905698370739,0.9150471460641926,0.6310726696660557,0.8529557289509255,0.06494676347980848,0.8456379957682978,0.728225049747044,0.45376906832423924,0.5998225871822203,0.31072165598149903,0.1620285300025638,1.2692635886585246,0.0018813183921397678,1.1013093054342606,-73.92635886585246
4,LHS,0.999369109079615,0.8863875594228988,0.9243789069278764,0.45939229915968366,0.5232980061379555,0.013859867358239901,0.8291024415913009,0.7306577673589518,0.9876067701229435,0.40608274371954217,0.7416246641903368,0.3713810390800309,0.8510607608179614,0.4142319466856639,0.2744998360522079,0.3343917315402913,0.08587275859145535,0.7305636907274792,0.18705916773723558,0.47307843396256316,0.6728124748898391,1.2746522719018516,0.0017820156700284404,1.1205592249037204,-80.46522719018516
5,LHS,0.0356419391900279,0.6819621804960059,0.10354884550430114,0.7473224732735139,0.44714993342933773,0.7651173252823997,0.2721565732001325,0.630390093773593,0.4839105675293918,0.9950896449183547,0.003982936552989569,0.7844855686156885,0.20223714011247396,0.09910852667291378,0.8992414210915989,0.31710838975242406,0.2319487055123661,0.3032098799683364,0.5162275721619275,0.9155107173927252,0.04183358835431891,1.2736564128629206,0.0019964344851586017,1.1037641838090322,-80.36564128629206
6,LHS,0.21305941076853374,0.7737632169759432,0.9693499175632625,0.4836765396617302,0.8841501953184198,0.02985777448953341,0.1505260794527668,0.18480917209625453,0.8724745696810717,0.47158878136028615,0.5289289107432932,0.06993601564047498,0.6727017992430476,0.7199241666688212,0.9587039352544955,0.8752581390457077,0.44617148736180606,0.9563408874339979,0.0424030721928624,0.8814728982474473,0.9074564167404847,1.2716959283626394,0.002131570073623543,1.108152391554347,-74.16959283626394
7,LHS,0.09664798882023506,0.015585792769304259,0.05495522000332415,0.949269668772379,0.3362177563377842,0.2738819697500386,0.40127677379058196,0.0247617849684599,0.9257711085266719,0.32552128378224976,0.17612714903633606,0.7298057051586977,0.7842042363356206,0.691451640390114,0.9745552265239552,0.7436051669195867,0.7767385401062172,0.7901429869613477,0.5730299365593767,0.19917250713521073,0.0608819035537694,1.2715149049615522,0.0017950486624509919,1.112053189205414,-92.15149049615522
8,LHS,0.630079475199369,0.4179750168036182,0.6863633933849967,0.3745817464102302,0.020667636373122147,0.8073321230541954,0.6898720050671662,0.804308038350213,0.40458063722213783,0.72243401210956,0.8085645203818079,0.3958719994595292,0.058589097475596534,0.8918487044528371,0.7633650455448209,0.43566863744914464,0.6452218768858059,0.8427316315786733,0.4340650630868414,0.6918203703316246,0.4792558441291937,1.2718056213000344,0.0016995362427178068,1.1238144029802084,-74.18056213000344
9,LHS,0.714931652335476,0.7795329680407284,0.24330637291650875,0.9132567240996808,0.28246909244097484,0.10685321342709739,0.772798102551174,0.344461589124421,0.19792883219895932,0.9667657037301507,0.6302687868638863,0.8117387544933006,0.6952270437205287,0.8194238559388238,0.5515584027069097,0.1385017697858833,0.9102873325000318,0.5241160495059299,0.1200650368440873,0.38550465264920747,0.2637130574549824,1.2716723561591157,0.002048049602539737,1.1022240235888177,-80.16723561591157
10,LHS,0.869603821232142,0.5394134275216416,0.38333956523166507,0.6443298742727149,0.9523498019551165,0.6461393332245683,0.13524839579007464,0.27434017212082373,0.8075677069164859,0.12784505017152945,0.10275142522830723,0.31976155429579073,0.6482537718676782,0.9456771317486952,0.7975987159199429,0.946533099185777,0.19375390301704842,0.37346672104647705,0.9268340246755256,0.0803917387847013,0.1905461223037802,1.271123903038855,0.0018969849467815945,1.1156107871157652,-98.1123903038855
11,LHS,0.12724682446343602,0.3898268913293561,0.9834432624101562,0.835193799399994,0.8387677523440842,0.514794955512353,0.3115343486318837,0.999504533778417,0.7191904445342852,0.5880714273643685,0.1445328586576344,0.8824266460564879,0.42970084470558184,0.9831662272027776,0.11478502906177747,0.038802578962813174,0.6829841230757311,0.07293933212757825,0.654836608711847,0.45411302706722295,0.4203474824513243,1.2719884343020047,0.0019878056605179494,1.1029716312745983,-92.19884343020047
12,LHS,0.3762806421645472,0.49311556769579556,0.3545371565834005,0.6181662699932375,0.39398420101600246,0.38596449778182984,0.6648178095290228,0.5112657315623208,0.4403840765502028,0.19931488359843497,0.40804625905766456,0.24600355741746827,0.9188619313197931,0.46762411881290894,0.8809799977128352,0.6901774056891095,0.4967919426759624,0.9994125551017655,0.5540167941898817,0.578482181362893,0.33185050187146736,1.2699068557557935,0.001813716075693436,1.1024164196267656,-73.99068557557935
13,LHS,0.9002460051080285,0.508869040922236,0.7668435984213325,0.8800558028624431,0.06931871563827138,0.3923609738268164,0.031913010366049835,0.5543479149440891,0.13384726640009656,0.9378681980248778,0.6597392340046607,0.6230213152293674,0.488437154841578,0.5819651633353446,0.18406627393167857,0.01322908475784341,0.6082868915860078,0.08795948461698445,0.10966772593152488,0.2520877258606094,0.8028024127338924,1.2717928074824283,0.001749117418824526,1.1030980007641673,-74.17928074824283
14,LHS,0.6710118069000625,0.22492630155756618,0.8616785922059279,0.42216594777017796,0.03390340164524086,0.31548657566679034,0.8394723234839409,0.8573735497663014,0.7628869990014545,0.3746049202724885,0.3650674404410401,0.9315889065112911,0.3226364028861013,0.010012131354524719,0.7148204634027543,0.21833976636239008,0.8478367423882293,0.5439752953168088,0.3268730572075313,0.628680227496802,0.017600209727048684,1.2755157212716957,0.0014983744720449864,1.107776065070653,-74.55157212716956
15,LHS,0.9353473454329849,0.9061259977853631,0.5365071292928904,0.3528645423730199,0.3625317242579072,0.33565699945727284,0.9033080436583312,0.7131010776387586,0.8462379225047222,0.6153177642007326,0.6763170183177749,0.4221002270014701,0.7629799367759517,0.03797451029812165,0.8253290107171538,0.09069741215804747,0.13326653907984115,0.0362556075328195,0.14275780365761406,0.16299714340829044,0.37182278498494664,1.2737839830877327,0.0015981544523288906,1.113974939621185,-92.37839830877327
16,LHS,0.16402511810472403,0.2576190103257937,0.13654185503268,0.5017794493694271,0.32951644638783884,0.9178088820580812,0.6999754395531917,0.4557310554314901,0.06159377487140147,0.755691254472692,0.9181659149217408,0.35407268461557817,0.2891645584622692,0.7751375222898778,0.6773287305548855,0.828575241552978,0.6231958163479878,0.011876930165726397,0.6259448568616326,0.5410380062357466,0.7565576836109281,1.2698897490897432,0.0019008365929542729,1.1066168513228933,-85.98897490897431
17,LHS,0.3389098689857759,0.0696624106784603,0.5666779599577052,0.2796878823419416,0.10778517809719104,0.4967471231694414,0.9697858607802564,0.20394824208220755,0.7939275472002673,0.14515773844050436,0.4813546829636502,0.5740656178242156,0.5306009292399573,0.20104077369248186,0.048040696085828456,0.4065502217285541,0.35237666721654826,0.6345107875381945,0.801450461873828,0.8351075704617849,0.3489471100778124,1.2730817169505586,0.0017461489763521936,1.102634677276577,-74.30817169505586
18,LHS,0.7671300049228498,0.8130642858700728,0.456861303742975,0.6684405559211538,0.7283249585025169,0.12557306766320722,0.9895455701810882,0.6392602348632133,0.45228443788878775,0.7791334816665599,0.5800422617439711,0.17081850891136716,0.5656368365557998,0.38550217560180244,0.2058817222230772,0.6476084343026264,0.41632492539198324,0.237380056615507,0.39373890246676885,0.8251289159626641,0.2372625532833736,1.2718355108037351,0.0018113499965447613,1.1148390281809335,-74.18355108037352
19,LHS,0.2377134964703363,0.6027242391265974,0.6133766140134569,0.20051961012690234,0.6913725441389968,0.8334157039489563,0.19779999932478487,0.4921136545037767,0.08786398389830727,0.830377235225795,0.44446931304238224,0.981508757330374,0.8986076384567,0.6085988686948851,0.47508240558620485,0.16586112491098698,0.1599769983877459,0.4404716145787046,0.8117564460918829,0.4389387714663084,0.5024822714685865,1.2707453051927888,0.001610387350642981,1.1022010933766908,-80.07453051927888
20,LHS,0.25954808224090303,0.47121770248625844,0.8331825046075361,0.9430095023051557,0.6498354117320075,0.42218106080946066,0.021151310538128097,0.9208497543632479,0.2761880016624094,0.0888621151766201,0.9464501269396588,0.00633032224710054,0.9528299782228156,0.4211672161484616,0.2488846861236926,0.27217271914669294,0.9687521200192877,0.3470963613835282,0.28485588532419875,0.17694411542843336,0.44857969167327955,1.2701449509700002,0.0018212025676275225,1.0998381843565204,-74.01449509700002
21,LHS,0.6623551946544142,0.7295938585573567,0.16130440303141935,0.40914559024117225,0.785835980631075,0.1672165337528144,0.5385682331673036,0.6929305468057974,0.9551025286131242,0.6654902624561064,0.8921070635731438,0.6747339365249828,0.13407978204381937,0.6641188609493278,0.7449018547533245,0.5283325783457169,0.2650399821539308,0.8115533069905164,0.7045442127192284,0.12298852361226006,0.3015241595926375,1.2714904038860408,0.0020271370593081942,1.1066197340469188,-80.14904038860408
22,LHS,0.5014993207344973,0.6305182602079245,0.4839439662275683,0.7583395570947481,0.6208546345765192,0.27942793306401337,0.8847655836133317,0.09699020170980716,0.016554600257200944,0.7090508686254828,0.27446617982784044,0.1629418163924232,0.4644979015060762,0.2693137610066436,0.5714471329532959,0.06636145702676033,0.7045936356272704,0.7663385862059564,0.8497560247380918,0.29951031870286215,0.9281026042108608,1.27269253603171,0.002000950657921298,1.1155317324527665,-68.26925360317101
23,LHS,0.018971085796743392,0.16566500460340658,0.07171110988453165,0.04238520346971749,0.9381779758832164,0.23409839074660788,0.6231730027657799,0.11938882830248969,0.537556986605522,0.287432415096638,0.32454960689377654,0.2003491049448346,0.7347459893444533,0.7935717168005586,0.5103885421960818,0.6010928518208263,0.31909057653870115,0.6462026197643828,0.364266586479897,0.9466373000751336,0.5971213076338029,1.2708373975572742,0.0018989629674699723,1.1228425320816098,-86.08373975572742
24,LHS,0.318881246812762,0.20000359970100454,0.18570970300710551,0.9767393788237482,0.5973849542634049,0.6356706465462425,0.38688724591464047,0.8932779663600149,0.9151231134192533,0.8810941267740651,0.4351630544305126,0.9674168209669003,0.18572518417216696,0.47936965092430317,0.9440365876788869,0.9214674048744254,0.05954033267848449,0.18410384518912365,0.023510752803871257,0.51108776644597,0.4133424290037529,1.2737175000968923,0.0018831644304903633,1.1087611220295883,-92.37175000968924
25,LHS,0.4343077955256041,0.5567103005305286,0.7223482090948989,0.5341081974623726,0.7135844025022009,0.8975648597453864,0.5915164898476664,0.3781155084676764,0.5655308712614956,0.6941464543062312,0.13308173170549328,0.48541421380646493,0.16211801932615844,0.07872480922565184,0.4212137697069378,0.5003018610365665,0.20677862699920976,0.47669250747550795,0.9447132871020479,0.7460667808730896,0.9875487329651569,1.271518371264666,0.0019584710370627373,1.1066046029648486,-86.1518371264666
26,LHS,0.8502063134488356,0.997776408787606,0.5901297174223683,0.5712839159077058,0.15362980738359996,0.5791479729496323,0.30052981521580924,0.7525804549401052,0.3876486364173812,0.5768652143071192,0.5196650186023741,0.5974945127110671,0.5948209674162557,0.18074194511525926,0.3309967962623088,0.3821203484984524,0.7821225448677072,0.6767336472089317,0.9819680819407145,0.23138324290690682,0.0899193605822353,1.271922590464625,0.0020431119592769545,1.1104418249634562,-80.1922590464625
27,LHS,0.30394143106329313,0.9620386559740941,0.6516797934649534,0.1294873199084076,0.47654225351980034,0.7088174303170196,0.5619825669594617,0.3929995689755231,0.34708912547490284,0.16917910433690697,0.9836910016517505,0.11527015836572994,0.379428033455791,0.8750328622630144,0.5963496933054284,0.7193061190028869,0.43337354148051277,0.557851731318009,0.7602546599898683,0.9395137060434176,0.7405873434552888,1.2738013955190584,0.0019489182292953113,1.121637985438675,-74.38013955190584
28,LHS,0.8280110275093695,0.6659771352278174,0.8353483205971104,0.23754979643730914,0.9914573590994227,0.955597855790063,0.47201904288074953,0.8811660525944218,0.17491573706391966,0.899061950748076,0.583838723679374,0.5105456191761655,0.04229150351034076,0.6177379843559998,0.4471297813343319,0.28553622370226805,0.5287996882347394,0.3949443008128284,0.33703329338161314,0.9968304424671212,0.9518774026946171,1.271084525996872,0.0018751829715191934,1.1064529803989587,-68.1084525996872
29,LHS,0.5433308694575731,0.31796933882190903,0.3151638219588234,0.13972735786928975,0.5559839421824548,0.46421588206978043,0.5073957361822801,0.8125004572795759,0.3237085316301931,0.3576702840315494,0.35997369554761893,0.5339626909019672,0.8752861182828637,0.7226238841806966,0.8481951817723985,0.47283563947017115,0.9885673332723872,0.5890643847066674,0.6920883535468936,0.7623482858295065,0.5610538948059521,1.2709974770464056,0.001982670400610034,1.1229719695768046,-92.09974770464056
30,LHS,0.057647175910558644,0.9215949141495159,0.5267508131333006,0.6007582682970352,0.24864726465794856,0.16363104746904006,0.3423526214259032,0.06352060565800838,0.6451744254791215,0.0315150958873427,0.2294602369867636,0.088864677997038,0.27641767472713114,0.24348513470996394,0.6493917285173543,0.448385408204866,0.5832083298627873,0.12459362938565695,0.7311864611287668,0.3602886864130941,0.6277401234012948,1.2710482792423594,0.0019347346762766224,1.114809468170428,-80.10482792423593
31,LHS,0.5862323644060085,0.3702329775317817,0.7156206010177611,0.004089413065780204,0.43477690490529125,0.1985182035793317,0.43614045413558594,0.23360221525324587,0.7389738870070046,0.07569930414569258,0.058706734384114743,0.8559001755016807,0.41431078913233993,0.29605758504039836,0.007843357009956456,0.8942380109451032,0.027812684164812085,0.21398994286080097,0.4608905013574644,0.801754964499177,0.20625355751047128,1.2734298080220512,0.0020888423923776356,1.1133431807397534,-92.34298080220512
32,LHS,0.4722894434093634,0.17497552749664835,0.011244087766295228,0.0724341918632835,0.5301305899920679,0.6806412056630458,0.24626758574130386,0.32318393157780184,0.16480092586533981,0.4943894711753117,0.22173142275000243,0.7651866689861065,0.5101516593068944,0.12935298715614146,0.37721161745818677,0.6122441868654285,0.5068899132895857,0.9016428711959735,0.8809849756913382,0.0028612000340834665,0.8268028578644261,1.2675914827032848,0.001983256183763112,1.1059254529140454,-67.75914827032848
33,LHS,0.40762936859675897,0.11363708848825144,0.9019571651309702,0.701602279182834,0.20581264460656207,0.9818489108608472,0.797239353013477,0.15996188717703713,0.2965974348008704,0.24568217877546047,0.28126904540858866,0.26990980740971904,0.09551418348848932,0.31133404374607293,0.39489377473956355,0.5711559372615502,0.8201039636503688,0.2501471736406937,0.06459451452836044,0.6440378210245032,0.6971512786327991,1.2726729141326685,0.001881456244978219,1.109881943797989,-68.26729141326685
34,LHS,0.7836780601047405,0.7170783515290675,0.2621619240628452,0.10828071785237375,0.8151966075954445,0.7790180714392274,0.9302018871027747,0.2935285418647842,0.2490043680161621,0.8344507077130773,0.8582499254408289,0.665525580741532,0.35427592745819614,0.16484637683560047,0.6262467265996733,0.23566422774285797,0.019095279193650446,0.7208066532618087,0.21912221199307702,0.6004304339447243,0.8594297652548185,1.2682280333262792,0.0022226680742552917,1.1238320034319333,-79.82280333262793
35,LHS,0.17505028539972461,0.049804984957644106,0.40827578975601003,0.2668298395228306,0.7662052879703015,0.08328720256458887,0.0802202674722584,0.9482565398960868,0.6388546371524471,0.013662017894086803,0.7641804998192442,0.4629696066385934,0.9880186938848209,0.922761635068706,0.08774434149402899,0.7983236515717986,0.2965974877508964,0.9377088096381018,0.26444823887358154,0.3976872678428107,0.660326309014905,1.268813322983414,0.0017251853238350507,1.103863110949892,-73.88133229834139
36,BO_1,0.550494506217779,0.9456446848656094,0.6349462218458422,0.9578165073001367,0.29656861539479107,0.3115471100913958,0.5005866345298016,0.5673040209597464,0.23885891659567238,0.929902131019903,0.6470758499606454,0.40425972955814027,0.1806415814762633,0.6907505204481266,0.4398728884636012,0.5481550926801941,0.7680737093884459,0.28103019726959066,0.6982596562861152,0.7854669736177115,0.6222653387844143,1.2694488760978102,0.0022360099866748197,1.1019815687366952,-79.94488760978102
37,BO_2,0.6711792802296782,0.21329903130195949,0.14648532705098638,0.60890259803524,0.7498410179710844,0.7774875968651688,0.6679784026421818,0.11734130777177065,0.019768044202719826,0.9064440330440156,0.3302770793050104,0.7147653618343193,0.036725496409567904,0.2065518076996209,0.9425006446718223,0.5553722887385204,0.5185134052904461,0.5993111010292624,0.16176667753600626,0.5226855395778849,0.9394880253171073,1.2745437335939123,0.001731234293442957,1.1021900062466,-68.45437335939123
38,BO_3,0.8045655410108369,0.10292430091944449,0.8874420131293674,0.6117836762967427,0.7933693976972847,0.3649205402221888,0.9940819127019969,0.5021927544883442,0.09890423417221017,0.5037083988527183,0.15921519842338216,0.786180943670153,0.02823262394077375,0.005885653161549875,0.07893541679484828,0.1855956036218559,0.7698873397537582,0.667183732270139,0.44248373798585405,0.22800731614144976,0.7559416168166111,1.2716270187000045,0.0015145718359976358,1.1117897687161153,-80.16270187000045
39,BO_4,0.5240281716647543,0.13156768570740196,0.2830912211169656,0.7177985237109102,0.42000996077243646,0.8903126302716964,0.8054609600568261,0.3079260349294254,0.2550335064293213,0.6381493688815335,0.29894713311625287,0.47187731478719264,0.4122389979252338,0.07510331299137762,0.3531116093260509,0.21502724933295736,0.48344835733065594,0.9267419294071059,0.446393751296423,0.058552210650870684,0.33895693845645225,1.268405599070446,0.0019324642894699374,1.1200608624919115,-79.8405599070446
40,BO_5,0.32984808803029064,0.10493245841631638,0.33656451782583297,0.056741535931430276,0.5113690472831361,0.013736059442551185,0.03567268864218642,0.13119087677939778,0.0653319932816403,0.27666049405778137,0.4450731001966338,0.7490160203323655,0.4477941855115656,0.3490417506839695,0.25986179801363896,0.2552863581684268,0.6444228071148456,0.7632221330633406,0.2471509034611461,0.5226676837137809,0.9642935014258744,1.268783393748111,0.0016009457570397572,1.1281145889867124,-91.8783393748111
41,BO_6,0.7035195054960195,0.7993463067010352,0.1559319108076983,0.257197698742188,0.8951832162916438,0.8523599507730163,0.9499414478236569,0.020886772135773946,0.08032280935136504,0.5774537163360495,0.4857918514584192,0.8957831371822574,0.29401205575842315,0.27921108447190524,0.44644821200293516,0.4071111131415479,0.4842562720381498,0.7335507073821756,0.3476787551274877,0.8183574346948036,0.662416818118646,1.2700948982762896,0.0020131976817991397,1.111352391449281,-62.00948982762896
42,BO_7,0.6509818387657429,0.7615104153382817,0.5760364214528717,0.2631409415861604,0.6888843784418273,0.639530871250824,0.34640877405184956,0.5902099091608034,0.21463688519481638,0.7300406742816332,0.7583728162052128,0.9057614041209067,0.4759011272829573,0.3638388644193028,0.2532617460375962,0.9517805428957054,0.45741598523977367,0.4837686108039785,0.8269120020038042,0.03291214307350676,0.8554810939310868,1.2719209996947471,0.001954743592505984,1.1099524641949645,-86.19209996947471
43,BO_8,0.6420571290651415,0.019132804478644516,0.014696988446007642,0.6418759068054443,0.7219315140073186,0.8525372144828433,0.9504361720968517,0.21906678919231293,0.09354033637654546,0.6590612739404894,0.3776012806100715,0.8840335111502675,0.09191925364504105,0.8842111906435232,0.8681467005614812,0.7000490587791707,0.48859767766553464,0.7408271057797451,0.13671354415390435,0.20295657264509703,0.9459021240902087,1.2720081482449985,0.0023895631596868917,1.0997291750405795,-80.20081482449986
44,BO_9,0.6567968024952981,0.8633021367510704,0.12882524929334593,0.23772652757673185,0.6454491197137486,0.9204139364733371,0.7734677086477572,0.8521930712934354,0.8324318594770093,0.34125832192228756,0.2461163421092929,0.9176258719267342,0.5845100082867003,0.21137176727419826,0.727453761801182,0.6965416228728281,0.5307373959053707,0.7834551419671363,0.63963437109603,0.23838670364986325,0.7255201157079563,1.274690921475904,0.001764611068152343,1.115755595551865,-80.46909214759039
45,BO_10,0.6355333626800118,0.44534215548177847,0.11590776506013956,0.32986359125952514,0.557680274419672,0.7579850296418447,0.3280287095091655,0.5951636584597182,0.06801002760135699,0.33202838611563823,0.8773667313964998,0.8499115606499869,0.2610028273097824,0.019555925816850617,0.5485507808267458,0.2814141615108179,0.400352354461063,0.9273549857224299,0.7019658833590854,0.2710278397544903,0.6408390707736766,1.270555612263603,0.0014506039575368484,1.1241738391342624,-74.0555612263603
46,BO_11,0.6855709876830892,0.7267002368754192,0.12648977912862502,0.06123835990949267,0.32100611741463314,0.792130047073203,0.9688863071726597,0.8281979926881775,0.002673871946372919,0.4421285483199173,0.9171853750378732,0.944480962317751,0.1738915115998565,0.38782296111173886,0.5616406305198761,0.00912162628054547,0.4600781738001959,0.7285547637537159,0.9808652598716571,0.22311612934226221,0.6204412385212001,1.2755107502871506,0.0019322070964013663,1.1094260764478454,-74.55107502871506
47,BO_12,0.7213280762299507,0.3873161649494953,0.6961153572404333,0.1451896063271021,0.9494129990357918,0.9726931889120425,0.5105749981533346,0.4061448701072429,0.06222123083811659,0.40719176685251857,0.420654294412091,0.48510782115758344,0.28128751112519546,0.6518428328817479,0.1002957440466341,0.6697988005355147,0.5183390190485258,0.33836341728176866,0.0022821509234786097,0.9032045065358222,0.7882461356142407,1.271084525996865,0.0018751829715161962,1.1064529803989585,-68.1084525996865
48,BO_13,0.2767322531635257,0.03165608367314077,0.40474445340536636,0.25224533184773235,0.025843592964098328,0.9750628177534311,0.6035373989119936,0.40911890945251916,0.049279584762030426,0.6990843907308145,0.3850152575985152,0.7861561572329846,0.06931261525135546,0.401845227007673,0.25141280063213667,0.15911189052800456,0.5399711448220251,0.8348486304715251,0.09684475783731117,0.9842763721762267,0.16663941229085422,1.2733385045032597,0.001961849418592301,1.1124258603555766,-68.33385045032597
49,BO_14,0.7790047605215109,0.8288999324791454,0.058663735147180596,0.46349189436219485,0.6792522992486483,0.8296457574552843,0.288838449532575,0.22904249939342902,0.18064362669435996,0.02101077543014862,0.23264127840708193,0.09846375539790975,0.9785856150244707,0.09970980065156021,0.6050572974849974,0.31315359347637794,0.6528618257245525,0.7263047745572173,0.3124797114248814,0.9084570220104469,0.9058671577368089,1.2712081487037192,0.0019531012733909668,1.1120396097093634,-74.12081487037193
50,BO_15,0.3812331813418183,0.7649305957052642,0.9957451128713728,0.6845740515174982,0.9304502773804644,0.822104343307041,0.9554695727409059,0.31202908273644037,0.0023812841649506478,0.6379772055826245,0.5492618672420083,0.5902211271746768,0.12733488131825943,0.08782185120105568,0.911604582800222,0.6704341471848818,0.805023430729451,0.8348930661682376,0.1896662434149542,0.8226581894848859,0.34820106573562426,1.2720712943039543,0.0019927675871112033,1.112867582655632,-86.20712943039543
51,BO_16,0.9225450903662359,0.04680648627210471,0.456498992198459,0.0999555283817839,0.6530413753567973,0.9970212257858735,0.9846947893850988,0.33368499181508937,0.08993984962935364,0.8470622723529067,0.3618702532919703,0.3871600360179469,0.27106507179156725,0.26503523923064143,0.182104524942022,0.4825735802288077,0.4596524832138177,0.797617990542089,0.6064434241510485,0.7801558003976601,0.4194624701673405,1.2720140011211647,0.0020189296333692546,1.1172217594043206,-80.20140011211647
52,BO_17,0.4399898498034356,0.8916487755176045,0.12551201339339912,0.4546297211807203,0.9731984064091894,0.9106263466476666,0.3051090255631963,0.18560009508324504,0.023733569309364655,0.8432844230216332,0.4246141976893676,0.974435256507718,0.36733788611180307,0.3421279373644357,0.8774643559415813,0.24458505779669637,0.6483191525877429,0.7872751827963208,0.9081471772323836,0.6579766549884939,0.9752653687168151,1.2710302297461484,0.0017962583936585272,1.1012429782852506,-68.10302297461484
53,BO_18,0.8816447145344275,0.8141836394608785,0.14690523079148388,0.17718624214451872,0.655415854486033,0.9695416038114545,0.5790268308701328,0.8393564932022815,0.07565312027742876,0.578847656814051,0.17619095117416306,0.9776815517600274,0.19055453236575104,0.23575316924215806,0.10751360892905737,0.742130182521229,0.5894665603859806,0.5772044560609615,0.40136667453841224,0.8637886329664748,0.3024657261543502,1.2712315945206176,0.0023125910965525035,1.0938792362650143,-74.12315945206176
54,BO_19,0.1565818819636069,0.08274530202607033,0.02412963513516353,0.15197851865835788,0.20840922133474626,0.7512120065987048,0.7028184482001074,0.37577682262752765,0.1148817850965842,0.7819307085558658,0.2622303835359169,0.8003226144369533,0.8480934820623476,0.24546785851762143,0.15928183939326757,0.5984812031714687,0.5876939837007892,0.85241869148225,0.10108508224832025,0.6880779585002159,0.1339286401044788,1.2717893778399276,0.0018212407343958245,1.1049031537779492,-86.17893778399277
55,BO_20,0.9309257350300633,0.2437746636479099,0.25008599298556033,0.3475390947364416,0.65796641715575,0.9076508067828377,0.8945992018953094,0.9792871618255593,0.10609441143587894,0.11295507063292554,0.4005733084065537,0.7802555592896591,0.09050302495552831,0.12529803477516033,0.7074698571403514,0.09786766805287228,0.9997181916718546,0.8293328776109032,0.2212619765057715,0.05181617570098063,0.7085318374524461,1.2730297182091215,0.0018124810736640051,1.1347567110469705,-86.30297182091215
56,BO_21,0.709683861663596,0.0992105837074726,0.17778473552855667,0.501828325270609,0.7641966670894009,0.9017176871541844,0.6700606420628459,0.1743046164197587,0.6351932191439466,0.8313063054018488,0.36892120690891894,0.8901511200901809,0.6690690224205446,0.3788128651031749,0.803113059196932,0.1545790874082268,0.4389085501849649,0.422881377733477,0.5207414438613533,0.7066440608363358,0.6658219056435575,1.2742954691081978,0.0018338631917320125,1.1021456522035527,-80.42954691081978
57,BO_22,0.658322747006111,0.9338287365940505,0.8108138024637225,0.6216845877928746,0.23491176782063194,0.8829646253428712,0.4178498155128272,0.03775436575668267,0.04410136507440787,0.9302666543334801,0.7307588727482812,0.7824216454686088,0.9936059828271423,0.5054493561716489,0.7395320929868968,0.062097604624249514,0.46154587249835466,0.7710142679072158,0.2115278263150253,0.8934296779683617,0.29691157400251156,1.2729362488592986,0.0018406689413611728,1.1049176282789428,-68.29362488592986
58,BO_23,0.6842871794408543,0.2299944398576489,0.4329892725751827,0.32870269850775646,0.36364120805227684,0.5181891232926907,0.17825360243565913,0.07163303587063685,0.0017985710418987333,0.5380674464935932,0.8034219557241274,0.584879102224571,0.014662791490195337,0.5159568163435969,0.1987130640256083,0.8041942265284525,0.44491319234757143,0.2088144303674031,0.7900104481484881,0.809798341731322,0.849681818174813,1.2705642270932436,0.002021507780375085,1.1190329951114641,-74.05642270932435
59,BO_24,0.705638351805843,0.8822388481610792,0.056230667112528,0.56336349118909,0.9499449696876376,0.5845869311475325,0.08578713707409813,0.8641608368391059,0.044379752153000496,0.4494831798080815,0.08142167266739542,0.43128305581297566,0.61401701313651,0.00803059920898952,0.8415034845135365,0.21462784268148227,0.5231026662369012,0.7981383294264914,0.6497963999041363,0.9714678063614635,0.4157809178610127,1.2701057250564747,0.002166936568931495,1.1022538215173359,-74.01057250564747
60,BO_25,0.7364219183762469,0.9457244211615048,0.49730658359728575,0.564177504311873,0.33017162301422964,0.9382893582983869,0.782567689473339,0.2717649040604315,0.10897015840281676,0.8933118511371264,0.7217440937394437,0.6759801024498765,0.6176620957586672,0.5500027596375847,0.4800067788909381,0.8617618593858234,0.5110142400411635,0.9448389525498195,0.006668882913948959,0.7226004733343796,0.8232870566466338,1.2729362488593092,0.0018406689413749265,1.1049176282789426,-68.29362488593092
61,BO_26,0.5640458831572376,0.597016894624238,0.044797514527039284,0.10506614941939607,0.05952994393961064,0.875413386908303,0.9052428240382997,0.4387426447366226,0.050903092819659546,0.4477902098195595,0.5281543662214464,0.5417552937353534,0.2448201028813628,0.08889733711571912,0.05200514382626731,0.3803731500958413,0.4897124519919599,0.6642162562777119,0.49064925210932475,0.6950933941488683,0.43228908752713624,1.27150372215635,0.0019847496730732825,1.1223902815649283,-68.15037221563502
62,BO_27,0.42365847169710846,0.9213294325192444,0.14113893163469937,0.4710929176615414,0.30107786186953633,0.9562718510694371,0.6357423954876907,0.11802558549883024,0.18167178356609182,0.009465353294425438,0.2699233105290231,0.541970379015818,0.2857441562310369,0.2545450586258099,0.5421052220567721,0.41042715494726856,0.5810739326394714,0.9994603804653497,0.7587346215690108,0.7297024143815876,0.6990977714728759,1.2688495748558226,0.001512005262961634,1.1038274253362343,-79.88495748558226
63,BO_28,0.7039970206128413,0.9947763886658593,0.5259868566908226,0.18936803064632146,0.8093046584477496,0.9199254694511891,0.6688090216766248,0.7947895678457311,0.04001661690002967,0.7851268112972047,0.06075952164364873,0.9455278672993279,0.9032774312460992,0.6739176221962935,0.9847503014434643,0.5050488499391201,0.5063130492832345,0.8825825830959767,0.02287564730494429,0.7739992675460353,0.06249249050729577,1.2740145594378973,0.0019411958430302712,1.0998464023547703,-74.40145594378973
64,BO_29,0.8585072721065841,0.7218612017247623,0.24628242501101139,0.5579666186823534,0.44029606947973077,0.5948479069340931,0.9852180761093894,0.25578353646667984,0.14678703045274732,0.94852363872417,0.8265916819349439,0.4898207050772623,0.5158496436669843,0.8384049928748109,0.33083333501983103,0.6204151467942924,0.49172028705771964,0.5112586707277071,0.796166833282149,0.9856491130580789,0.6325137515152545,1.2697931271639933,0.002030925600676971,1.1251131888342982,-73.97931271639933
65,BO_30,0.6710946107761754,0.8722792309310492,0.713718405855303,0.8538167415460128,0.5567399944256152,0.816124696085366,0.522391620938344,0.4924193583762483,0.0557127197855265,0.6793315999108297,0.5817081157369903,0.4420367996773865,0.24703396557612933,0.06928433928918909,0.03303628502036371,0.5242349486247838,0.5551159978932803,0.8372821889764209,0.8900380198723175,0.8095511411385997,0.9245849438350282,1.274284793319284,0.0019369031048302988,1.1139249488077336,-74.4284793319284
